{
	// Warning: These sprites are experimental and likely subject to change in the future

	"touch_overlay_A":		{ "File": "touch_overlay.png", "Rect": "220,  0,175,175", "Center": "88,88" },
	"touch_overlay_B":		{ "File": "touch_overlay.png", "Rect": "400,  0,175,175", "Center": "88,88" },
	"touch_overlay_X":		{ "File": "touch_overlay.png", "Rect": "220,180,175,175", "Center": "88,88" },
	"touch_overlay_Y":		{ "File": "touch_overlay.png", "Rect": "400,180,175,175", "Center": "88,88" },
	"touch_overlay_left":	{ "File": "touch_overlay.png", "Rect": "  0,195,190,105", "Center": "95,53" },
	"touch_overlay_right":	{ "File": "touch_overlay.png", "Rect": "  0,305,190,105", "Center": "95,53" },
	"touch_overlay_up":		{ "File": "touch_overlay.png", "Rect": "  0,  0,105,190", "Center": "53,95" },
	"touch_overlay_down":	{ "File": "touch_overlay.png", "Rect": "105,  0,105,190", "Center": "53,95" },
	"touch_overlay_start":	{ "File": "touch_overlay.png", "Rect": "  0,415,365,120", "Center": "183,60" },
	"touch_overlay_rec":	{ "File": "touch_overlay.png", "Rect": "365,415,200,120", "Center": "100,60" },

	"touch_overlay_A_hl":		{ "File": "touch_overlay_highlight.png", "Rect": "220,  0,175,175", "Center": "88,88" },
	"touch_overlay_B_hl":		{ "File": "touch_overlay_highlight.png", "Rect": "400,  0,175,175", "Center": "88,88" },
	"touch_overlay_X_hl":		{ "File": "touch_overlay_highlight.png", "Rect": "220,180,175,175", "Center": "88,88" },
	"touch_overlay_Y_hl":		{ "File": "touch_overlay_highlight.png", "Rect": "400,180,175,175", "Center": "88,88" },
	"touch_overlay_left_hl":	{ "File": "touch_overlay_highlight.png", "Rect": "  0,195,190,105", "Center": "95,53" },
	"touch_overlay_right_hl":	{ "File": "touch_overlay_highlight.png", "Rect": "  0,305,190,105", "Center": "95,53" },
	"touch_overlay_up_hl":		{ "File": "touch_overlay_highlight.png", "Rect": "  0,  0,105,190", "Center": "53,95" },
	"touch_overlay_down_hl":	{ "File": "touch_overlay_highlight.png", "Rect": "105,  0,105,190", "Center": "53,95" },
	"touch_overlay_start_hl":	{ "File": "touch_overlay_highlight.png", "Rect": "  0,415,365,120", "Center": "183,60" },
	"touch_overlay_rec_hl":		{ "File": "touch_overlay_highlight.png", "Rect": "365,415,200,120", "Center": "100,60" }
}